{
    "$schema": "https://schema.management.azure.com/schemas/2015-01-01/deploymentParameters.json#",
    "contentVersion": "1.0.0.0",
    "parameters": {
        "vulnerabilityAssessments_Default_storageContainerPath": {
            "value": null
        },
        "sites_sysweb01_name": {
            "value": null
        },
        "sites_sysweb02_name": {
            "value": null
        },
        "sites_sysweb03_name": {
            "value": null
        },
        "sites_sysweb04_name": {
            "value": null
        },
        "servers_msslq01_name": {
            "value": null
        },
        "components_sysweb01_name": {
            "value": null
        },
        "components_sysweb02_name": {
            "value": null
        },
        "components_sysweb03_name": {
            "value": null
        },
        "serverfarms_ASP_RG01_bb32_name": {
            "value": null
        },
        "components_sysweb0220240530128_name": {
            "value": null
        },
        "actionGroups_Application_Insights_Smart_Detection_name": {
            "value": null
        },
        "workspaces_DefaultWorkspace_7384c15d_3b68_4a2a_9e77_0f36716ea0db_WEU_externalid": {
            "value": null
        },
        "workspaces_DefaultWorkspace_7384c15d_3b68_4a2a_9e77_0f36716ea0db_EUS_externalid": {
            "value": null
        }
    }
}